{
  "metaVersion": 2,
  "host": "beehive.gay",
  "exportedAt": "2024-02-13T16:56:57.651Z",
  "emojis": [
    {
      "downloaded": true,
      "fileName": "blobbee_bunny_hug.png",
      "emoji": {
        "name": "blobbee_bunny_hug",
        "category": "blobbee",
        "aliases": []
      }
    },
    {
      "downloaded": true,
      "fileName": "blobbee_cat_hug.png",
      "emoji": {
        "name": "blobbee_cat_hug",
        "category": "blobbee",
        "aliases": []
      }
    },
    {
      "downloaded": true,
      "fileName": "blobbee_fox_hug.png",
      "emoji": {
        "name": "blobbee_fox_hug",
        "category": "blobbee",
        "aliases": []
      }
    },
    {
      "downloaded": true,
      "fileName": "blobbee_fox_snuggle.png",
      "emoji": {
        "name": "blobbee_fox_snuggle",
        "category": "blobbee",
        "aliases": []
      }
    },
    {
      "downloaded": true,
      "fileName": "blobbee_mouse_hug.png",
      "emoji": {
        "name": "blobbee_mouse_hug",
        "category": "blobbee",
        "aliases": []
      }
    },
    {
      "downloaded": true,
      "fileName": "blobbee_wolf_hug.png",
      "emoji": {
        "name": "blobbee_wolf_hug",
        "category": "blobbee",
        "aliases": []
      }
    },
    {
      "downloaded": true,
      "fileName": "neocat_train_wagon.png",
      "emoji": {
        "name": "neocat_train_wagon",
        "category": "neocat",
        "aliases": []
      }
    },
    {
      "downloaded": true,
      "fileName": "neofox_train_wagon.png",
      "emoji": {
        "name": "neofox_train_wagon",
        "category": "neofox",
        "aliases": []
      }
    }
  ]
}