{
  "metaVersion": 2,
  "host": "beehive.gay",
  "exportedAt": "2024-02-13T16:56:57.651Z",
  "emojis": [
    {
      "downloaded": true,
      "fileName": "blobbee.png",
      "emoji": {
        "name": "blobbee",
        "category": "blobbee",
        "aliases": []
      }
    },
    {
      "downloaded": true,
      "fileName": "blobbee_ace.png",
      "emoji": {
        "name": "blobbee_ace",
        "category": "blobbee",
        "aliases": []
      }
    },
    {
      "downloaded": true,
      "fileName": "blobbee_agender.png",
      "emoji": {
        "name": "blobbee_agender",
        "category": "blobbee",
        "aliases": []
      }
    },
    {
      "downloaded": true,
      "fileName": "blobbee_aro.png",
      "emoji": {
        "name": "blobbee_aro",
        "category": "blobbee",
        "aliases": []
      }
    },
    {
      "downloaded": true,
      "fileName": "blobbee_beekisser.png",
      "emoji": {
        "name": "blobbee_beekisser",
        "category": "blobbee",
        "aliases": []
      }
    },
    {
      "downloaded": true,
      "fileName": "blobbee_bi.png",
      "emoji": {
        "name": "blobbee_bi",
        "category": "blobbee",
        "aliases": []
      }
    },
    {
      "downloaded": true,
      "fileName": "blobbee_blep.png",
      "emoji": {
        "name": "blobbee_blep",
        "category": "blobbee",
        "aliases": []
      }
    },
    {
      "downloaded": true,
      "fileName": "blobbee_blush.png",
      "emoji": {
        "name": "blobbee_blush",
        "category": "blobbee",
        "aliases": []
      }
    },
    {
      "downloaded": true,
      "fileName": "blobbee_boop.png",
      "emoji": {
        "name": "blobbee_boop",
        "category": "blobbee",
        "aliases": []
      }
    },
    {
      "downloaded": true,
      "fileName": "blobbee_collar.png",
      "emoji": {
        "name": "blobbee_collar",
        "category": "blobbee",
        "aliases": []
      }
    },
    {
      "downloaded": true,
      "fileName": "blobbee_cross_stitch.png",
      "emoji": {
        "name": "blobbee_cross_stitch",
        "category": "blobbee",
        "aliases": []
      }
    },
    {
      "downloaded": true,
      "fileName": "blobbee_cutlery.png",
      "emoji": {
        "name": "blobbee_cutlery",
        "category": "blobbee",
        "aliases": []
      }
    },
    {
      "downloaded": true,
      "fileName": "blobbee_facepalm.png",
      "emoji": {
        "name": "blobbee_facepalm",
        "category": "blobbee",
        "aliases": []
      }
    },
    {
      "downloaded": true,
      "fileName": "blobbee_filament.png",
      "emoji": {
        "name": "blobbee_filament",
        "category": "blobbee",
        "aliases": []
      }
    },
    {
      "downloaded": true,
      "fileName": "blobbee_fingerguns.png",
      "emoji": {
        "name": "blobbee_fingerguns",
        "category": "blobbee",
        "aliases": []
      }
    },
    {
      "downloaded": true,
      "fileName": "blobbee_fox_ears.png",
      "emoji": {
        "name": "blobbee_fox_ears",
        "category": "blobbee",
        "aliases": []
      }
    },
    {
      "downloaded": true,
      "fileName": "blobbee_gamer.png",
      "emoji": {
        "name": "blobbee_gamer",
        "category": "blobbee",
        "aliases": []
      }
    },
    {
      "downloaded": true,
      "fileName": "blobbee_gamer_angry.png",
      "emoji": {
        "name": "blobbee_gamer_angry",
        "category": "blobbee",
        "aliases": []
      }
    },
    {
      "downloaded": true,
      "fileName": "blobbee_grimace.png",
      "emoji": {
        "name": "blobbee_grimace",
        "category": "blobbee",
        "aliases": []
      }
    },
    {
      "downloaded": true,
      "fileName": "blobbee_headpat.png",
      "emoji": {
        "name": "blobbee_headpat",
        "category": "blobbee",
        "aliases": []
      }
    },
    {
      "downloaded": true,
      "fileName": "blobbee_heart.png",
      "emoji": {
        "name": "blobbee_heart",
        "category": "blobbee",
        "aliases": []
      }
    },
    {
      "downloaded": true,
      "fileName": "blobbee_heart_eyes.png",
      "emoji": {
        "name": "blobbee_heart_eyes",
        "category": "blobbee",
        "aliases": []
      }
    },
    {
      "downloaded": true,
      "fileName": "blobbee_hmph.png",
      "emoji": {
        "name": "blobbee_hmph",
        "category": "blobbee",
        "aliases": []
      }
    },
    {
      "downloaded": true,
      "fileName": "blobbee_kiss.png",
      "emoji": {
        "name": "blobbee_kiss",
        "category": "blobbee",
        "aliases": []
      }
    },
    {
      "downloaded": true,
      "fileName": "blobbee_knife.png",
      "emoji": {
        "name": "blobbee_knife",
        "category": "blobbee",
        "aliases": []
      }
    },
    {
      "downloaded": true,
      "fileName": "blobbee_laptop.png",
      "emoji": {
        "name": "blobbee_laptop",
        "category": "blobbee",
        "aliases": []
      }
    },
    {
      "downloaded": true,
      "fileName": "blobbee_laugh.png",
      "emoji": {
        "name": "blobbee_laugh",
        "category": "blobbee",
        "aliases": []
      }
    },
    {
      "downloaded": true,
      "fileName": "blobbee_lego.png",
      "emoji": {
        "name": "blobbee_lego",
        "category": "blobbee",
        "aliases": []
      }
    },
    {
      "downloaded": true,
      "fileName": "blobbee_lesbeean.png",
      "emoji": {
        "name": "blobbee_lesbeean",
        "category": "blobbee",
        "aliases": []
      }
    },
    {
      "downloaded": true,
      "fileName": "blobbee_meeple.png",
      "emoji": {
        "name": "blobbee_meeple",
        "category": "blobbee",
        "aliases": []
      }
    },
    {
      "downloaded": true,
      "fileName": "blobbee_mug.png",
      "emoji": {
        "name": "blobbee_mug",
        "category": "blobbee",
        "aliases": []
      }
    },
    {
      "downloaded": true,
      "fileName": "blobbee_nb.png",
      "emoji": {
        "name": "blobbee_nb",
        "category": "blobbee",
        "aliases": []
      }
    },
    {
      "downloaded": true,
      "fileName": "blobbee_neurodiverse.png",
      "emoji": {
        "name": "blobbee_neurodiverse",
        "category": "blobbee",
        "aliases": []
      }
    },
    {
      "downloaded": true,
      "fileName": "blobbee_pan.png",
      "emoji": {
        "name": "blobbee_pan",
        "category": "blobbee",
        "aliases": []
      }
    },
    {
      "downloaded": true,
      "fileName": "blobbee_party.png",
      "emoji": {
        "name": "blobbee_party",
        "category": "blobbee",
        "aliases": []
      }
    },
    {
      "downloaded": true,
      "fileName": "blobbee_peek.png",
      "emoji": {
        "name": "blobbee_peek",
        "category": "blobbee",
        "aliases": []
      }
    },
    {
      "downloaded": true,
      "fileName": "blobbee_plead.png",
      "emoji": {
        "name": "blobbee_plead",
        "category": "blobbee",
        "aliases": []
      }
    },
    {
      "downloaded": true,
      "fileName": "blobbee_pleased.png",
      "emoji": {
        "name": "blobbee_pleased",
        "category": "blobbee",
        "aliases": []
      }
    },
    {
      "downloaded": true,
      "fileName": "blobbee_popcorn.png",
      "emoji": {
        "name": "blobbee_popcorn",
        "category": "blobbee",
        "aliases": []
      }
    },
    {
      "downloaded": true,
      "fileName": "blobbee_pride.png",
      "emoji": {
        "name": "blobbee_pride",
        "category": "blobbee",
        "aliases": []
      }
    },
    {
      "downloaded": true,
      "fileName": "blobbee_sad.png",
      "emoji": {
        "name": "blobbee_sad",
        "category": "blobbee",
        "aliases": []
      }
    },
    {
      "downloaded": true,
      "fileName": "blobbee_santa.png",
      "emoji": {
        "name": "blobbee_santa",
        "category": "blobbee",
        "aliases": []
      }
    },
    {
      "downloaded": true,
      "fileName": "blobbee_scream.png",
      "emoji": {
        "name": "blobbee_scream",
        "category": "blobbee",
        "aliases": []
      }
    },
    {
      "downloaded": true,
      "fileName": "blobbee_shrug.png",
      "emoji": {
        "name": "blobbee_shrug",
        "category": "blobbee",
        "aliases": []
      }
    },
    {
      "downloaded": true,
      "fileName": "blobbee_sleep.png",
      "emoji": {
        "name": "blobbee_sleep",
        "category": "blobbee",
        "aliases": []
      }
    },
    {
      "downloaded": true,
      "fileName": "blobbee_smug.png",
      "emoji": {
        "name": "blobbee_smug",
        "category": "blobbee",
        "aliases": []
      }
    },
    {
      "downloaded": true,
      "fileName": "blobbee_snuggle.png",
      "emoji": {
        "name": "blobbee_snuggle",
        "category": "blobbee",
        "aliases": []
      }
    },
    {
      "downloaded": true,
      "fileName": "blobbee_sob.png",
      "emoji": {
        "name": "blobbee_sob",
        "category": "blobbee",
        "aliases": []
      }
    },
    {
      "downloaded": true,
      "fileName": "blobbee_starstruck.png",
      "emoji": {
        "name": "blobbee_starstruck",
        "category": "blobbee",
        "aliases": []
      }
    },
    {
      "downloaded": true,
      "fileName": "blobbee_surprise.png",
      "emoji": {
        "name": "blobbee_surprise",
        "category": "blobbee",
        "aliases": []
      }
    },
    {
      "downloaded": true,
      "fileName": "blobbee_sweat_smile.png",
      "emoji": {
        "name": "blobbee_sweat_smile",
        "category": "blobbee",
        "aliases": []
      }
    },
    {
      "downloaded": true,
      "fileName": "blobbee_think.png",
      "emoji": {
        "name": "blobbee_think",
        "category": "blobbee",
        "aliases": []
      }
    },
    {
      "downloaded": true,
      "fileName": "blobbee_train_wagon.png",
      "emoji": {
        "name": "blobbee_train_wagon",
        "category": "blobbee",
        "aliases": []
      }
    },
    {
      "downloaded": true,
      "fileName": "blobbee_trans.png",
      "emoji": {
        "name": "blobbee_trans",
        "category": "blobbee",
        "aliases": []
      }
    },
    {
      "downloaded": true,
      "fileName": "blobbee_upside_down.png",
      "emoji": {
        "name": "blobbee_upside_down",
        "category": "blobbee",
        "aliases": []
      }
    },
    {
      "downloaded": true,
      "fileName": "blobbee_uwu.png",
      "emoji": {
        "name": "blobbee_uwu",
        "category": "blobbee",
        "aliases": []
      }
    },
    {
      "downloaded": true,
      "fileName": "blobbee_wink.png",
      "emoji": {
        "name": "blobbee_wink",
        "category": "blobbee",
        "aliases": []
      }
    },
    {
      "downloaded": true,
      "fileName": "blobbee_woozy.png",
      "emoji": {
        "name": "blobbee_woozy",
        "category": "blobbee",
        "aliases": []
      }
    }
  ]
}